id,post_id,requester_id,provider_id,status,match_score,created_at,accepted_at,completed_at
1,1,5,1,Pending,85,2025-10-02,, 
2,2,12,2,Accepted,90,2025-09-29,2025-09-30, 
3,3,7,3,Completed,95,2025-10-03,2025-10-04,2025-10-10
4,4,9,4,Pending,88,2025-09-30,, 
5,5,15,5,Accepted,92,2025-09-28,2025-09-29, 
6,6,3,6,Completed,89,2025-09-30,2025-10-01,2025-10-05
7,7,18,7,Pending,80,2025-09-26,, 
8,8,6,8,Accepted,91,2025-09-27,2025-09-28, 
9,9,21,9,Completed,94,2025-09-29,2025-09-30,2025-10-06
10,10,10,10,Pending,87,2025-09-27,, 
11,11,4,11,Accepted,93,2025-09-29,2025-09-30, 
12,12,13,12,Completed,96,2025-09-30,2025-10-01,2025-10-07
13,13,8,13,Pending,85,2025-09-26,, 
14,14,2,14,Accepted,89,2025-09-28,2025-09-29, 
15,15,11,15,Completed,94,2025-09-26,2025-09-27,2025-10-03
16,16,14,16,Pending,88,2025-09-27,, 
17,17,17,17,Accepted,92,2025-09-29,2025-09-30, 
18,18,19,18,Completed,97,2025-09-30,2025-10-01,2025-10-08
19,19,22,19,Pending,84,2025-09-28,, 
20,20,24,20,Accepted,90,2025-09-27,2025-09-28, 
21,21,1,21,Completed,95,2025-09-29,2025-09-30,2025-10-05
22,22,5,22,Pending,86,2025-09-28,, 
23,23,6,23,Accepted,91,2025-09-30,2025-10-01, 
24,24,7,24,Completed,94,2025-09-27,2025-09-28,2025-10-04
25,25,8,25,Pending,83,2025-09-29,, 
26,26,9,26,Accepted,92,2025-09-30,2025-10-01, 
27,27,10,27,Completed,95,2025-09-28,2025-09-29,2025-10-06
28,28,11,28,Pending,87,2025-09-29,, 
29,29,12,29,Accepted,90,2025-09-27,2025-09-28, 
30,30,13,30,Completed,96,2025-09-30,2025-10-01,2025-10-07
31,31,14,31,Pending,85,2025-09-28,, 
32,32,15,32,Accepted,92,2025-09-29,2025-09-30, 
33,33,16,33,Completed,94,2025-09-30,2025-10-01,2025-10-06
34,34,17,34,Pending,88,2025-09-27,, 
35,35,18,35,Accepted,91,2025-09-28,2025-09-29, 
36,36,19,36,Completed,95,2025-09-29,2025-09-30,2025-10-05
37,37,20,37,Pending,84,2025-09-27,, 
38,38,21,38,Accepted,90,2025-09-28,2025-09-29, 
39,39,22,39,Completed,94,2025-09-30,2025-10-01,2025-10-06
40,40,23,40,Pending,85,2025-09-27,, 
41,41,24,41,Accepted,93,2025-09-28,2025-09-29, 
42,42,25,42,Completed,97,2025-09-29,2025-09-30,2025-10-08
43,43,26,43,Pending,82,2025-09-27,, 
44,44,27,44,Accepted,89,2025-09-28,2025-09-29, 
45,45,28,45,Completed,95,2025-09-29,2025-09-30,2025-10-05
46,46,29,46,Pending,86,2025-09-27,, 
47,47,30,47,Accepted,92,2025-09-28,2025-09-29, 
48,48,31,48,Completed,94,2025-09-29,2025-09-30,2025-10-06
49,49,32,49,Pending,83,2025-09-27,, 
50,50,33,50,Accepted,91,2025-09-28,2025-09-29, 
